<?xml version="1.0" encoding="UTF-8"?>
<project-private xmlns="http://www.netbeans.org/ns/project-private/1">
    <editor-bookmarks xmlns="http://www.netbeans.org/ns/editor-bookmarks/2" lastBookmarkId="0"/>
    <open-files xmlns="http://www.netbeans.org/ns/projectui-open-files/2">
        <group>
            <file>file:/home/tarek/Github/ERSN-OpenMC-v1.7/src/ersn/openmc/ERSNOpenMC_Main.java</file>
            <file>file:/home/tarek/Github/ERSN-OpenMC-v1.7/src/ersn/openmc/ERSNOpenMC_Table_of_nuclides.java</file>
        </group>
    </open-files>
</project-private>
